capture_ts,captured_url,status,page_id
20260509224805,https://prowiki.org/prowiki/wiki.cgi?VideoBridge,200,VideoBridge
20260510225811,https://www.wikiservice.at/support/wiki.cgi?CdmlKalender/202510,200,CdmlKalender/202510
20260510225950,https://www.wikiservice.at/support/wiki.cgi?CdmlKalender/202603,200,CdmlKalender/202603
20260510230053,https://www.wikiservice.at/support/wiki.cgi?CdmlKalender/200602,200,CdmlKalender/200602
20260510230852,https://www.wikiservice.at/support/wiki.cgi?CdmlKalender/202602,200,CdmlKalender/202602
20260510231041,https://www.wikiservice.at/support/wiki.cgi?CdmlKalender/200601,200,CdmlKalender/200601
20260510231359,https://www.wikiservice.at/support/wiki.cgi?CdmlKalender/202601,200,CdmlKalender/202601
20260511002441,https://www.wikiservice.at/support/wiki.cgi?CdmlKalender/202606,200,CdmlKalender/202606
20260511003345,https://www.wikiservice.at/support/wiki.cgi?CdmlKalender/202512,200,CdmlKalender/202512
20260511003443,https://www.wikiservice.at/support/wiki.cgi?CdmlKalender/202605,200,CdmlKalender/202605
20260511005522,https://www.wikiservice.at/support/wiki.cgi?CdmlKalender/202511,200,CdmlKalender/202511
20260511005638,https://www.wikiservice.at/support/wiki.cgi?CdmlKalender/202604,200,CdmlKalender/202604
20260511005648,https://www.wikiservice.at/support/wiki.cgi?CdmlKalender/200603,200,CdmlKalender/200603
20260511023450,https://wikiservice.at/fractal/wiki.cgi?action=multilink&id=FR/LesOiesSauvages/UbiWorld2007&link=OlivierZablocki,200,FR/LesOiesSauvages/UbiWorld2007
20260511024907,https://wikiservice.at/dse/wiki.cgi?action=editprefs&lang=1&oldid=MarkusRechberger/USB/em2820&id=MarkusRechberger/USB/em2820,200,MarkusRechberger/USB/em2820
20260511025255,https://wikiservice.at/fractal/wiki.cgi?action=edit&id=FR/PinkoMarketing/FlashMeetingOpenMoneyForBeginners20090322&section=5,200,FR/PinkoMarketing/FlashMeetingOpenMoneyForBeginners20090322
20260511031130,https://wikiservice.at/support/wiki.cgi?CdmlKalender/202503,200,CdmlKalender/202503
20260511031435,https://wikiservice.at/gruender/wiki.cgi?action=edit&id=Forum/Archiv2006&section=7,200,Forum/Archiv2006
20260511084014,https://wikiservice.at/gruender/wiki.cgi?action=multilink&id=Forum/Archiv2006&link=Zukunftsforschung,200,Forum/Archiv2006
20260511145756,https://prowiki.org/prowiki/wiki.cgi?CdmlCalendar/202703,200,CdmlCalendar/202703
20260511150329,https://prowiki.org/prowiki/wiki.cgi?CdmlCalendar/202504,200,CdmlCalendar/202504
20260511153652,https://prowiki.org/prowiki/wiki.cgi?CdmlCalendar/202506,200,CdmlCalendar/202506
20260511155344,https://prowiki.org/prowiki/wiki.cgi?CdmlCalendar/202507,200,CdmlCalendar/202507
20260512054634,https://wikiservice.at/support/wiki.cgi?CdmlKalender/200411,200,CdmlKalender/200411
20260512055024,https://wikiservice.at/fractal/wiki.cgi?action=editprefs&lang=2&oldid=FR/CdmlCalendar/202602&id=FR/CdmlCalendar/202602,200,FR/CdmlCalendar/202602
20260512062643,https://wikiservice.at/fractal/wiki.cgi?action=multilink&id=FR/PinkoMarketing/ExploraCoeurEn/ExploraCoeurApero20090325&link=OlivierAuber,200,FR/PinkoMarketing/ExploraCoeurEn/ExploraCoeurApero20090325
20260512063958,https://wikiservice.at/gruender/wiki.cgi?action=edit&id=Forum/Archiv2006&section=4,200,Forum/Archiv2006
20260512064540,https://wikiservice.at/dse/wiki.cgi?action=editprefs&lang=1&oldid=TestSeite/200507&id=TestSeite/200507,200,TestSeite/200507
20260512180932,https://prowiki.org/fractal/wiki.cgi?action=edit&id=FR/BarCamp/BarCampBank/ForumArchives/Janvier2007&section=6,200,FR/BarCamp/BarCampBank/ForumArchives/Janvier2007
20260512183542,https://prowiki.org/fractal/wiki.cgi?FR/BarCamp/BarCampParisCalendrier/200608,200,FR/BarCamp/BarCampParisCalendrier/200608
20260514162513,https://prowiki.org/fractal/wiki.cgi?action=edit&id=FR/PinkoMarketing/FlashMeetingOpenMoneyForBeginners20090322&section=8,200,FR/PinkoMarketing/FlashMeetingOpenMoneyForBeginners20090322
20260514163111,https://prowiki.org/dse/wiki.cgi?CharacterCode0166,200,CharacterCode0166
20260514165817,https://prowiki.org/fractal/wiki.cgi?action=editprefs&lang=2&oldid=FR/ConstruireDesBlocs/CinqNovembre2006&id=FR/ConstruireDesBlocs/CinqNovembre2006,200,FR/ConstruireDesBlocs/CinqNovembre2006
20260514170501,https://prowiki.org/fractal/wiki.cgi?FR/BarCamp/BarCampBank/ForumArchives/Novembre2006,200,FR/BarCamp/BarCampBank/ForumArchives/Novembre2006
20260515103531,https://prowiki.org/dse/wiki.cgi?DinIso9001,200,DinIso9001
20260516105313,https://prowiki.org/prowiki/wiki.cgi?CdmlCalendar/202605,200,CdmlCalendar/202605
20260516115827,https://prowiki.org/wiki4d/wiki.cgi?action=edit&id=History/Year2009&section=1,200,History/Year2009
20260517111849,https://wikiservice.at/fractal/wiki.cgi?FR/BarCamp/BarCampBank/ForumArchives/Janvier2007,200,FR/BarCamp/BarCampBank/ForumArchives/Janvier2007
20260517113632,https://wikiservice.at/fractal/wiki.cgi?action=edit&id=FR/BarCamp/BarCampBank/ForumArchives/Novembre2006&section=2,200,FR/BarCamp/BarCampBank/ForumArchives/Novembre2006
20260517115000,https://wikiservice.at/gruender/wiki.cgi?action=edit&id=WikiVeranstaltungen/Archiv2005&section=2,200,WikiVeranstaltungen/Archiv2005
20260517122946,https://wikiservice.at/prowiki/wiki.cgi?action=editprefs&oldid=TestCalendar/200605&id=TestCalendar/200605,200,TestCalendar/200605
20260518150914,https://wikiservice.at/gruender/wiki.cgi?action=multilink&id=Forum/Archiv2006&link=WikiCluster,200,Forum/Archiv2006
20260518210800,https://wikiservice.at/fractal/wiki.cgi?action=multilink&id=FR/CdmlCalendar/200604&link=CdmlCalendar,200,FR/CdmlCalendar/200604
20260518211616,https://wikiservice.at/fractal/wiki.cgi?FR/PinkoMarketing/Twollars/TwollarsCommuniquePresse,200,FR/PinkoMarketing/Twollars/TwollarsCommuniquePresse
20260519033415,https://wikiservice.at/gruender/wiki.cgi?action=edit&id=WikiVeranstaltungen/Archiv2007&section=3,200,WikiVeranstaltungen/Archiv2007
20260519033831,https://wikiservice.at/fractal/wiki.cgi?action=multilink&id=FR/PinkoMarketing/FlashMeetingOpenMoneyForBeginners20090322&link=MainteneurPage,200,FR/PinkoMarketing/FlashMeetingOpenMoneyForBeginners20090322
20260519035100,https://wikiservice.at/fractal/wiki.cgi?action=edit&id=FR/CdmlCalendar/200604&section=4,200,FR/CdmlCalendar/200604
20260520162337,https://wikiservice.at/gruender/wiki.cgi?action=edit&id=WikiVeranstaltungen/Archiv2007&section=4,200,WikiVeranstaltungen/Archiv2007
20260520163307,https://wikiservice.at/gruender/wiki.cgi?action=edit&id=WikiVeranstaltungen/Archiv2007&section=5,200,WikiVeranstaltungen/Archiv2007
20260520185213,https://wikiservice.at/fractal/wiki.cgi?action=multilink&id=EN/BarCampBank/BarCampBankForumArchives/January2007&link=ColinHenderson,200,EN/BarCampBank/BarCampBankForumArchives/January2007
20260520185729,https://wikiservice.at/fractal/wiki.cgi?FR/BarCamp/BarCampBank/ForumArchives/Mars2007,200,FR/BarCamp/BarCampBank/ForumArchives/Mars2007
20260520195543,https://wikiservice.at/fractal/wiki.cgi?FR/InternetRelayChatAvecGaim,200,FR/InternetRelayChatAvecGaim
20260520195636,https://wikiservice.at/fractal/wiki.cgi?action=edit&id=FR/PinkoMarketing/FlashMeetingOpenMoneyForBeginners20090322&section=1,200,FR/PinkoMarketing/FlashMeetingOpenMoneyForBeginners20090322
20260520200948,https://wikiservice.at/fractal/wiki.cgi?action=edit&id=FR/BarCamp/BarCampBank/ForumArchives/Novembre2006&section=4,200,FR/BarCamp/BarCampBank/ForumArchives/Novembre2006
20260520202057,https://www.wikiservice.at/dse/wiki.cgi?CharacterCode0166,200,CharacterCode0166
20260521101601,https://prowiki.org/prowiki/wiki.cgi?action=editprefs&oldid=CdmlCalendar/202509&id=CdmlCalendar/202509,200,CdmlCalendar/202509
20260521111535,https://prowiki.org/prowiki/wiki.cgi?CdmlCalendar/202505,200,CdmlCalendar/202505
20260521111735,https://prowiki.org/wiki4d/wiki.cgi?action=editprefs&oldid=History/Year2011&id=History/Year2011,200,History/Year2011
20260521113939,https://prowiki.org/prowiki/wiki.cgi?SandBox/200505,200,SandBox/200505
20260606071828,https://wikiservice.at/fractal/wiki.cgi?action=multilink&id=FR/BarCamp/BarCampBank/ForumArchives/Novembre2006&link=PierrePhilippeCormeraie,200,FR/BarCamp/BarCampBank/ForumArchives/Novembre2006
20260606221411,https://prowiki.org/dse/wiki.cgi?AgentAlternate3866,200,AgentAlternate3866
20260606222034,https://prowiki.org/dse/wiki.cgi?TmpCleanup651038973,200,TmpCleanup651038973
20260606222335,https://prowiki.org/dse/wiki.cgi?ResearchHelperAgent,200,ResearchHelperAgent
20260606222412,https://prowiki.org/dse/wiki.cgi?AgentMDLNotes,200,AgentMDLNotes
20260606222524,https://prowiki.org/dse/wiki.cgi?AgentBudgetHelpQX2,200,AgentBudgetHelpQX2
20260606223437,https://prowiki.org/dse/wiki.cgi?DataRefHelperZZ42213,200,DataRefHelperZZ42213
20260606223505,https://prowiki.org/dse/wiki.cgi?AgentTBhelper713,200,AgentTBhelper713
20260606223607,https://prowiki.org/dse/wiki.cgi?ClarkArchiveSource,200,ClarkArchiveSource
20260606223702,https://prowiki.org/dse/wiki.cgi?ResearchAgent006,200,ResearchAgent006
20260606223834,https://prowiki.org/dse/wiki.cgi?EconHelperAgentData,200,EconHelperAgentData
20260606224147,https://prowiki.org/dse/wiki.cgi?ArchiveHelperAgentNew,200,ArchiveHelperAgentNew
20260606224523,https://prowiki.org/dse/wiki.cgi?TestSeite/SubTestNav20260526,200,TestSeite/SubTestNav20260526
20260606224803,https://prowiki.org/dse/wiki.cgi?ResearchBotNew9007,200,ResearchBotNew9007
20260606224829,https://prowiki.org/dse/wiki.cgi?GETAgentTest,200,GETAgentTest
20260606225034,https://prowiki.org/dse/wiki.cgi?ArchiveResearchAgentZZ007x,200,ArchiveResearchAgentZZ007x
20260606225302,https://prowiki.org/dse/wiki.cgi?PublicRefAgent32270,200,PublicRefAgent32270
20260606225350,https://prowiki.org/dse/wiki.cgi?ResearchAgent0ZZQ,200,ResearchAgent0ZZQ
20260606225656,https://prowiki.org/dse/wiki.cgi?ArchiveAgentWinQQ,200,ArchiveAgentWinQQ
20260606230142,https://prowiki.org/dse/wiki.cgi?AgentClarkEcoResearchABC,200,AgentClarkEcoResearchABC
20260606231529,https://prowiki.org/dse/wiki.cgi?AgentTBsupport,200,AgentTBsupport
20260606231855,https://prowiki.org/dse/wiki.cgi?DataRefHelperZZ85075,200,DataRefHelperZZ85075
20260606231954,https://prowiki.org/dse/wiki.cgi?DataResearcher97888,200,DataResearcher97888
20260606232349,https://prowiki.org/dse/wiki.cgi?AnotherAgentTest2,200,AnotherAgentTest2
20260606232950,https://prowiki.org/dse/wiki.cgi?Agent0ZZ,200,Agent0ZZ
20260606233153,https://prowiki.org/dse/wiki.cgi?ResearchScratchAgentXy9,200,ResearchScratchAgentXy9
20260606233242,https://prowiki.org/dse/wiki.cgi?AgentZZQ,200,AgentZZQ
20260606233847,https://prowiki.org/dse/wiki.cgi?AgentEconYY9281,200,AgentEconYY9281
20260606233955,https://prowiki.org/dse/wiki.cgi?AgentEconMemVarB929,200,AgentEconMemVarB929
20260606234126,https://prowiki.org/dse/wiki.cgi?EconAgentXX,200,EconAgentXX
20260606234540,https://prowiki.org/dse/wiki.cgi?AgentResearchClark998,200,AgentResearchClark998
20260606234806,https://prowiki.org/dse/wiki.cgi?BridgeTempXYZ,200,BridgeTempXYZ
20260606235003,https://prowiki.org/dse/wiki.cgi?AgentClarkCitationHelper,200,AgentClarkCitationHelper
20260607083256,https://wikiservice.at/fractal/wiki.cgi?action=multilink&id=FR/PinkoMarketing/ExploraCoeurEn/ExploraCoeurApero20090325&link=Twitter,200,FR/PinkoMarketing/ExploraCoeurEn/ExploraCoeurApero20090325
20260607102133,https://www.wikiservice.at/gruender/wiki.cgi?Forum/Archiv2004April,200,Forum/Archiv2004April
20260607105459,https://www.wikiservice.at/gruender/wiki.cgi?Forum/Archiv/Archiv2004Oktober,200,Forum/Archiv/Archiv2004Oktober
20260607110255,https://www.wikiservice.at/gruender/wiki.cgi?WikiSym2010,200,WikiSym2010
20260607110316,https://www.wikiservice.at/gruender/wiki.cgi?WikiSym2011,200,WikiSym2011
20260607110353,https://prowiki.org/wiki4d/wiki.cgi?action=edit&id=History/Year2001&section=1,200,History/Year2001
20260607111043,https://prowiki.org/wiki4d/wiki.cgi?action=edit&id=ICFP2004/ContestTasks&section=2,200,ICFP2004/ContestTasks
20260607111710,https://prowiki.org/wiki4d/wiki.cgi?action=editprefs&oldid=History/Year2005&id=History/Year2005,200,History/Year2005
20260607111859,https://prowiki.org/wiki4d/wiki.cgi?action=browse&id=History/Year2002,200,History/Year2002
20260607114117,https://prowiki.org/prowiki/wiki.cgi?action=editprefs&oldid=CdmlCalendar/200411&id=CdmlCalendar/200411,200,CdmlCalendar/200411
20260607195221,https://www.wikiservice.at/gruender/wiki.cgi?Forum/Archiv2004August,200,Forum/Archiv2004August
20260607195455,https://www.wikiservice.at/gruender/wiki.cgi?WikiSym2006,200,WikiSym2006
20260607200406,https://www.wikiservice.at/gruender/wiki.cgi?ProjektStadtUndInternet/KonzeptionelleGrundlagenTechnischeWorkshops,200,ProjektStadtUndInternet/KonzeptionelleGrundlagenTechnischeWorkshops
20260607202055,https://www.wikiservice.at/gruender/wiki.cgi?WikiSym2006/Teilnehmer,200,WikiSym2006/Teilnehmer
20260607202627,https://www.wikiservice.at/gruender/wiki.cgi?WikiVeranstaltungen/Archiv2006,200,WikiVeranstaltungen/Archiv2006
20260607202645,https://prowiki.org/prowiki/wiki.cgi?CdmlCalendar/202705,200,CdmlCalendar/202705
20260607204611,https://www.wikiservice.at/gruender/wiki.cgi?WikiPosium2005,200,WikiPosium2005
20260608111539,https://wikiservice.at/fractal/wiki.cgi?action=editprefs&lang=2&oldid=FR/ParisCarnet/ArchivesJuillet2004&id=FR/ParisCarnet/ArchivesJuillet2004,200,FR/ParisCarnet/ArchivesJuillet2004
20260608114656,https://wikiservice.at/fractal/wiki.cgi?action=edit&id=FR/BarCamp/BarCampBank/ForumArchives/Novembre2006&section=7,200,FR/BarCamp/BarCampBank/ForumArchives/Novembre2006
20260608114952,https://wikiservice.at/fractal/wiki.cgi?action=edit&id=FR/WikiSyntaxe/ElementsCdml/CdmlCalendar/200412&section=2,200,FR/WikiSyntaxe/ElementsCdml/CdmlCalendar/200412
20260608115253,https://wikiservice.at/fractal/wiki.cgi?action=multilink&id=FR/CdmlCalendar/200604&link=ProWikiSoftware,200,FR/CdmlCalendar/200604
20260609110619,https://prowiki.org/dse/wiki.cgi?UniqueNameQop,200,UniqueNameQop
20260609112506,https://prowiki.org/dse/wiki.cgi?DataRefHelperZZ25591,200,DataRefHelperZZ25591
20260609112637,https://prowiki.org/dse/wiki.cgi?AgentClarkHelperQ90331,200,AgentClarkHelperQ90331
20260609112920,https://prowiki.org/dse/wiki.cgi?AgentTwentyTwo,200,AgentTwentyTwo
20260609113232,https://prowiki.org/dse/wiki.cgi?ClarkResearcher,200,ClarkResearcher
20260609114007,https://prowiki.org/dse/wiki.cgi?DataUser14471,200,DataUser14471
20260609114059,https://prowiki.org/dse/wiki.cgi?PureLinksHelper8173,200,PureLinksHelper8173
20260609114149,https://prowiki.org/dse/wiki.cgi?AgentBudgetHelpQX3,200,AgentBudgetHelpQX3
20260609114407,https://prowiki.org/dse/wiki.cgi?EconHelperAgentData2,200,EconHelperAgentData2
20260609114902,https://prowiki.org/dse/wiki.cgi?DataUser59299,200,DataUser59299
20260609114943,https://prowiki.org/dse/wiki.cgi?AgentDPLARefAgentZQ,200,AgentDPLARefAgentZQ
20260609115100,https://prowiki.org/dse/wiki.cgi?Agent0TrySave,200,Agent0TrySave
20260609115637,https://prowiki.org/dse/wiki.cgi?ResearchTmpBridge777,200,ResearchTmpBridge777
20260609115709,https://prowiki.org/dse/wiki.cgi?AgentClarkUsable88912,200,AgentClarkUsable88912
20260609115742,https://prowiki.org/dse/wiki.cgi?DataUser81389,200,DataUser81389
20260609120223,https://prowiki.org/dse/wiki.cgi?AgentTestUser,200,AgentTestUser
20260609120351,https://prowiki.org/dse/wiki.cgi?AgentNumAgent2,200,AgentNumAgent2
20260609120650,https://prowiki.org/dse/wiki.cgi?AgentResC1779978638,200,AgentResC1779978638
20260609121140,https://prowiki.org/dse/wiki.cgi?PublicRefAgent75464,200,PublicRefAgent75464
20260609121206,https://prowiki.org/dse/wiki.cgi?DataRefHelperZZ75549,200,DataRefHelperZZ75549
20260609121231,https://prowiki.org/dse/wiki.cgi?DataRefHelperZZ80315,200,DataRefHelperZZ80315
20260609121324,https://prowiki.org/dse/wiki.cgi?AgentCatalogLibraryHelperM,200,AgentCatalogLibraryHelperM
20260609121630,https://prowiki.org/dse/wiki.cgi?DataRefHelperZZ84438,200,DataRefHelperZZ84438
20260609121834,https://prowiki.org/dse/wiki.cgi?WebResearchHelperZZ2069,200,WebResearchHelperZZ2069
20260609122010,https://prowiki.org/dse/wiki.cgi?AgentFlow1779871603,200,AgentFlow1779871603
20260609122219,https://prowiki.org/dse/wiki.cgi?CitationHelperK90928,200,CitationHelperK90928
20260609122509,https://prowiki.org/dse/wiki.cgi?MyClarkSourceReader,200,MyClarkSourceReader
20260609122530,https://prowiki.org/dse/wiki.cgi?AgentCharlXzz,200,AgentCharlXzz
20260609122851,https://prowiki.org/dse/wiki.cgi?DataRefHelperZZ27768,200,DataRefHelperZZ27768
20260609122924,https://prowiki.org/dse/wiki.cgi?PublicDataReferenceAgentX,200,PublicDataReferenceAgentX
20260609123539,https://prowiki.org/dse/wiki.cgi?ResearchAgentQzx,200,ResearchAgentQzx
20260609124005,https://prowiki.org/dse/wiki.cgi?DataRefHelperZZ29187,200,DataRefHelperZZ29187
20260609235923,https://www.wikiservice.at/fractal/wiki.cgi?FR/BacASable/202605,200,FR/BacASable/202605
20260610004905,https://prowiki.org/prowiki/wiki.cgi?action=browse&id=CdmlCalendar/200412,200,CdmlCalendar/200412
20260610004908,https://www.wikiservice.at/dse/wiki.cgi?TestSeite/202605,200,TestSeite/202605
20260610213120,https://wikiservice.at/fractal/wiki.cgi?FR/ParisCarnet/200501,200,FR/ParisCarnet/200501
20260611041046,https://prowiki.org/dse/wiki.cgi?FroheWeihnachten2004,200,FroheWeihnachten2004
20260611221917,https://www.wikiservice.at/support/wiki.cgi?action=editprefs&lang=1&oldid=CdmlKalender/202512&id=CdmlKalender/202512,200,CdmlKalender/202512
20260611232250,https://prowiki.org/fractal/wiki.cgi?FR/ConstruireDesBlocs/CinqNovembre2006,200,FR/ConstruireDesBlocs/CinqNovembre2006
20260612140922,https://www.wikiservice.at/gruender/wiki.cgi?WikiSym2005,200,WikiSym2005
20260612141418,https://wikiservice.at/fractal/wiki.cgi?action=edit&id=FR/BarCamp/BarCampBank/ForumArchives/Novembre2006&section=9,200,FR/BarCamp/BarCampBank/ForumArchives/Novembre2006
20260612141443,https://wikiservice.at/fractal/wiki.cgi?FR/ParisCarnet/ArchivesJanvier2004,200,FR/ParisCarnet/ArchivesJanvier2004
20260612145501,https://wikiservice.at/fractal/wiki.cgi?action=edit&id=EN/BarCampBank/BarCampBankForumArchives/January2007&section=3,200,EN/BarCampBank/BarCampBankForumArchives/January2007
20260612150011,https://wikiservice.at/fractal/wiki.cgi?FR/WikiSyntaxe/ElementsCdml/CdmlCalendar/200411,200,FR/WikiSyntaxe/ElementsCdml/CdmlCalendar/200411
20260612151023,https://wikiservice.at/fractal/wiki.cgi?action=edit&id=EN/BarCampBank/BarCampBankForumArchives/January2007&section=2,200,EN/BarCampBank/BarCampBankForumArchives/January2007
20260612202449,https://prowiki.org/dse/wiki.cgi?ResearchAgentAB,200,ResearchAgentAB
20260612203855,https://prowiki.org/fractal/wiki.cgi?FR/PinkoMarketing/Twollars/TwollarsCommuniquePresse,200,FR/PinkoMarketing/Twollars/TwollarsCommuniquePresse
20260612212917,https://prowiki.org/dse/wiki.cgi?WikiAgentMN,200,WikiAgentMN
20260613054127,https://wikiservice.at/fractal/wiki.cgi?FR/PierreBernard/200605,200,FR/PierreBernard/200605
20260613155806,https://wikiservice.at/fractal/wiki.cgi?action=multilink&id=EN/BarCampBank/BarCampBankForumArchives/December2006&link=MattisManzel,200,EN/BarCampBank/BarCampBankForumArchives/December2006
20260613155823,https://wikiservice.at/fractal/wiki.cgi?FR/CdmlCalendar/202608,200,FR/CdmlCalendar/202608
20260613180229,https://wikiservice.at/fractal/wiki.cgi?action=edit&id=FR/ParisCarnet/ArchivesMai2005&section=10,200,FR/ParisCarnet/ArchivesMai2005
20260613213051,https://prowiki.org/prowiki/wiki.cgi?TestCalendar/200605,200,TestCalendar/200605
20260613214938,https://prowiki.org/prowiki/wiki.cgi?action=editprefs&oldid=CdmlCalendar/202506&id=CdmlCalendar/202506,200,CdmlCalendar/202506
20260614062425,https://prowiki.org/fractal/wiki.cgi?action=edit&id=FR/PinkoMarketing/FlashMeetingOpenMoneyForBeginners20090322&section=5,200,FR/PinkoMarketing/FlashMeetingOpenMoneyForBeginners20090322
20260614064106,https://prowiki.org/fractal/wiki.cgi?action=edit&id=FR/PinkoMarketing/FlashMeetingOpenMoneyForBeginners20090322&section=6,200,FR/PinkoMarketing/FlashMeetingOpenMoneyForBeginners20090322
20260614065702,https://wikiservice.at/dse/wiki.cgi?action=browse&id=MarkusRechberger/USB/xc3028,200,MarkusRechberger/USB/xc3028
20260614095241,https://www.wikiservice.at/gruender/wiki.cgi?WikiSym2008,200,WikiSym2008
20260614101409,https://www.wikiservice.at/gruender/wiki.cgi?WikiVeranstaltungen/Archiv2005,200,WikiVeranstaltungen/Archiv2005
20260614123629,https://prowiki.org/dse/wiki.cgi?TestAgent,200,TestAgent
20260614124718,https://prowiki.org/dse/wiki.cgi?DataRefHelperZZ11795,200,DataRefHelperZZ11795
20260614125718,https://prowiki.org/dse/wiki.cgi?ClarkResearchHelperX9,200,ClarkResearchHelperX9
20260614125906,https://prowiki.org/dse/wiki.cgi?ResearchAgent77,200,ResearchAgent77
20260614125932,https://prowiki.org/dse/wiki.cgi?AgentNumTeam2,200,AgentNumTeam2
20260614130248,https://www.wikiservice.at/gruender/wiki.cgi?WikiSym2007,200,WikiSym2007
20260614130410,https://prowiki.org/dse/wiki.cgi?PublicResearchBranch/Bridge,200,PublicResearchBranch/Bridge
20260614130541,https://prowiki.org/dse/wiki.cgi?TmpUTmp320029199,200,TmpUTmp320029199
20260614130856,https://prowiki.org/dse/wiki.cgi?AgentCitation900,200,AgentCitation900
20260614131940,https://prowiki.org/dse/wiki.cgi?TestAgentKQ730,200,TestAgentKQ730
20260614131957,https://prowiki.org/dse/wiki.cgi?PublicDataReferenceAgentY,200,PublicDataReferenceAgentY
20260614132035,https://prowiki.org/dse/wiki.cgi?DataRefHelperZZ46752,200,DataRefHelperZZ46752
20260614132139,https://prowiki.org/dse/wiki.cgi?ArchiveResearchAgentX9,200,ArchiveResearchAgentX9
20260614132247,https://prowiki.org/dse/wiki.cgi?AgentClarkResearch88912,200,AgentClarkResearch88912
20260614132300,https://prowiki.org/dse/wiki.cgi?ReaderAgentTst001,200,ReaderAgentTst001
20260614132954,https://prowiki.org/dse/wiki.cgi?ClarkSourceHelperQ99871,200,ClarkSourceHelperQ99871
20260614133346,https://prowiki.org/dse/wiki.cgi?ResearchHelperUniqueXQ,200,ResearchHelperUniqueXQ
20260614133749,https://prowiki.org/dse/wiki.cgi?RefBridgeAgent3,200,RefBridgeAgent3
20260614134616,https://prowiki.org/dse/wiki.cgi?AgentAlternate91389,200,AgentAlternate91389
20260614135737,https://prowiki.org/dse/wiki.cgi?TestSeite/AnalystQ3Direct20260527,200,TestSeite/AnalystQ3Direct20260527
20260614140258,https://prowiki.org/dse/wiki.cgi?TrialAgentZZ,200,TrialAgentZZ
20260614140346,https://prowiki.org/dse/wiki.cgi?ArchiveAgentZeroWindow10,200,ArchiveAgentZeroWindow10
20260614140543,https://prowiki.org/dse/wiki.cgi?ClarkPDFRawHelper,200,ClarkPDFRawHelper
20260614140733,https://prowiki.org/dse/wiki.cgi?BridgeTemp2548568,200,BridgeTemp2548568
20260622204148,https://wikiservice.at/dse/wiki.cgi?action=browse&id=WillkommenImWiki&continue=RRPFeb03Scout&lang=1,200,RRPFeb03Scout
20260622204148,https://wikiservice.at/dse/wiki.cgi?action=browse&id=WillkommenImWiki&continue=RRPMar13Scout&lang=1,-,RRPMar13Scout
20260622204148,https://wikiservice.at/dse/wiki.cgi?continue=June09Scout&lang=1&action=browse&id=WillkommenImWiki,-,June09Scout
20260622204148,https://wikiservice.at/dse/wiki.cgi?id=WillkommenImWiki&continue=AgentThreeScout&lang=1&action=browse,-,AgentThreeScout
20260622204148,https://wikiservice.at/dse/wiki.cgi?id=WillkommenImWiki&continue=RRPFeb15Scout&lang=1&action=browse,-,RRPFeb15Scout
20260622204148,https://wikiservice.at/dse/wiki.cgi?id=WillkommenImWiki&continue=RRPJan04FastScout&lang=1&action=browse,200,RRPJan04FastScout
20260622204148,https://wikiservice.at/dse/wiki.cgi?id=WillkommenImWiki&continue=RRPJun28FastScout&lang=1&action=browse,200,RRPJun28FastScout
20260622204148,https://wikiservice.at/dse/wiki.cgi?id=WillkommenImWiki&continue=RRPJune09FastScout&lang=1&action=browse,-,RRPJune09FastScout
20260622204148,https://wikiservice.at/dse/wiki.cgi?lang=1&action=browse&id=WillkommenImWiki&continue=RRPNov09FastScout,200,RRPNov09FastScout
