ip16	revisions	first	last	as_candidates
2.202	26	2026-06-02	2026-06-24	AS3209 VODANET - Vodafone GmbH, DE
208.102	26	2026-06-19	2026-06-21	AS6181 FUSE-NET - Cincinnati Bell Telephone Company LLC, US
52.87	14	2026-06-18	2026-06-18	AS14618 AMAZON-AES - Amazon.com, Inc., US
3.23	12	2026-06-20	2026-06-21	AS16509 AMAZON-02 - Amazon.com, Inc., US
3.131	9	2026-06-19	2026-06-19	AS16509 AMAZON-02 - Amazon.com, Inc., US
184.185	8	2026-06-19	2026-06-19	AS22773 ASN-CXA-ALL-CCI-22773-RDC - Cox Communications Inc., US
184.178	7	2026-06-21	2026-06-21	AS22773 ASN-CXA-ALL-CCI-22773-RDC - Cox Communications Inc., US
185.220	7	2026-06-18	2026-06-21	AS198418 CELcom - CELCOM SPOLKA Z OGRANICZONA ODPOWIEDZIALNOSCIA, PL ; AS205354 EP-ENTEL-AS - ENERGOPROJEKT ENTEL a.d. BEOGRAD, RS ; AS205390 tectiqom-as - TectiQom Information Technology GmbH, DE ; AS29056 CITYCOM-AS - Citycom Telekommunikation GmbH, AT ; AS56567 NORSITEL-AS - Norsitel GmbH, DE
3.12	6	2026-06-20	2026-06-21	AS16509 AMAZON-02 - Amazon.com, Inc., US
3.129	6	2026-06-20	2026-06-21	AS16509 AMAZON-02 - Amazon.com, Inc., US
18.220	6	2026-06-18	2026-06-19	AS16509 AMAZON-02 - Amazon.com, Inc., US
134.122	6	2026-06-19	2026-06-19	AS14061 DIGITALOCEAN-ASN - DigitalOcean, LLC, US ; AS152194 CTGSERVERLIMITED-AS-AP - CTG Server Limited, HK
209.46	6	2026-06-18	2026-06-18	AS136787 PACKETHUBSA-AS-AP - PacketHub S.A., PA ; AS14205 RPAPSL-14205 - Riviera Park Alameda Padre Serra LLC, US
153.127	5	2026-06-16	2026-06-16	AS24282 KIR - KAGOYA JAPAN Inc., JP ; AS7684 SAKURA-A - SAKURA Internet Inc., JP
165.140	5	2026-06-19	2026-06-19	AS12025 IMDC-AS12025 - Iron Mountain Data Center, US ; AS17267 VGI-TECHNOLOGY - VGI Technology, Inc., US ; AS5065 BUNNY-COMMUNICATIONS-GLOBAL - Bunny Communications, US ; AS53698 NINJA-IX-TRANSIT-CONNECTION - Ninja-IX Corporation, US
192.111	5	2026-06-19	2026-06-21	AS26827 EPBTELECOM - EPB Fiber Optics, US ; AS397462 CSPI-MSP-1 - CSPi Technology Solutions, US ; AS46562 PERFORMIVE - Performive LLC, US
149.22	4	2026-06-19	2026-06-19	AS174 COGENT-174 - Cogent Communications, LLC, US ; AS201838 ASN-COMMUNITYFIBRE - Community Fibre Limited, GB ; AS202282 Fibrus - FIBRUS NETWORKS LTD, GB
156.146	4	2026-06-19	2026-06-21	AS1448 UNITED-BROADBAND - United Cooperative Services, US ; AS393397 LREC-LRT - Lake Region Electric Cooperative, Inc, US ; AS701 UUNET - Verizon Business, US
192.42	4	2026-06-19	2026-06-19	AS1101 IP-EEND-AS - SURF B.V., NL ; AS5501 Fraunhofer-Cluster-BW - Fraunhofer-Gesellschaft zur Foerderung der angewandten Forschung e.V., DE ; AS559 Switch - SWITCH, CH
142.4	3	2026-06-19	2026-06-19	AS16276 OVH - OVH SAS, FR ; AS18690 MEDIDATA - Medidata Solutions, Inc, US ; AS36327 VINAKOM - VINAKOM COMMUNICATIONS, US ; AS46606 UNIFIEDLAYER-AS-1 - Unified Layer, US
188.129	3	2026-06-19	2026-06-19	AS16010 MagticomAS - Magticom Ltd., GE ; AS29485 AMISHR - A1 Hrvatska d.o.o., HR
74.125	2	2026-06-17	2026-06-17	AS15169 GOOGLE - Google LLC, US
77.110	2	2026-06-16	2026-06-16	AS29695 Altibox_AS - Lyse Tele AS, NO ; AS3301 TELIANET-SWEDEN - Telia Company AB, SE ; AS8462 TARR1 - Tarr Kft., HU
80.67	2	2026-06-16	2026-06-19	AS12222 AKAMAI - Akamai Technologies, Inc., US ; AS20861 FUJITSU-SE-AS - Fujitsu Sweden AB, SE ; AS37455 Bharat Telecom Ltd - Bharat Telecom Ltd, MU ; AS42708 GLESYS - Glesys AB, SE
141.148	2	2026-06-21	2026-06-21	AS31898 ORACLE-BMC-31898 - Oracle Corporation, US
147.182	2	2026-06-16	2026-06-16	AS137904 BVPL-AS-AP - Black & Veatch (SEA) PTE LTD, SG ; AS14061 DIGITALOCEAN-ASN - DigitalOcean, LLC, US
192.178	2	2026-06-17	2026-06-17	AS15169 GOOGLE - Google LLC, US
18.139	1	2026-06-21	2026-06-21	AS16509 AMAZON-02 - Amazon.com, Inc., US
23.191	1	2026-06-19	2026-06-19	AS32708 ROOT-NETWORKS - LoadEdge Limited, GB
45.84	1	2026-06-16	2026-06-16	AS204704 PRIMELINE-AS - primeLine Solutions GmbH, DE ; AS33993 UFO-AS - UFO Hosting LLC, RU ; AS42473 AS-ANEXIA - Anexia Cloud Solutions GmbH, AT ; AS46873 HOSTCOLOR - Host Color, US ; AS47764 VK-AS - LLC VK, RU
64.225	1	2026-06-18	2026-06-18	AS12479 UNI2-AS - Orange Espagne SA, ES ; AS13628 CENCORA-INTERNET - AMERISOURCEBERGEN, US ; AS14061 DIGITALOCEAN-ASN - DigitalOcean, LLC, US ; AS200999 pl-cloudferro - CloudFerro S.A, PL
94.16	1	2026-06-21	2026-06-21	AS12897 ENTEGAMEDIANET - ENTEGA Medianet GmbH, DE ; AS15600 QUICKLINE - Quickline AG, CH
103.75	1	2026-06-19	2026-06-19	AS132115 ISPL-AS-AP - INDINET SERVICE PRIVATE LIMITED, IN ; AS133041 TIANXINGROUP-AS-AP - Tianxin Group Co., Limited, HK ; AS58369 FIBERNET-AS-ID - PT. Fiber Networks Indonesia, ID
104.22	1	2026-07-01	2026-07-01	AS132892 CLOUDFLARE - Cloudflare, Inc., US ; AS13335 CLOUDFLARENET - Cloudflare, Inc., US
107.189	1	2026-06-19	2026-06-19	AS16276 OVH - OVH SAS, FR ; AS36493 295CA-TOR-ASN - FIBERNETICS CORPORATION, CA ; AS53667 PONYNET - FranTech Solutions, US ; AS53755 IOFLOOD - Input Output Flood LLC, US
109.70	1	2026-06-16	2026-06-16	AS196847 TERMINAL-AS - JSC SHEREMETYEVO INTERNATIONAL AIRPORT, RU ; AS45037 Hispaweb-Network - Propelin Consulting S.L.U., ES ; AS48284 TELENET-AS - SWU TeleNet GmbH, DE ; AS48635 CLDIN-NL - Your Hosting B.V., NL ; AS9009 M247 - M247 Europe SRL, RO
162.159	1	2026-06-17	2026-06-17	AS13335 CLOUDFLARENET - Cloudflare, Inc., US
162.243	1	2026-06-21	2026-06-21	AS14061 DIGITALOCEAN-ASN - DigitalOcean, LLC, US
167.71	1	2026-06-19	2026-06-19	AS14061 DIGITALOCEAN-ASN - DigitalOcean, LLC, US
167.172	1	2026-06-19	2026-06-19	AS14061 DIGITALOCEAN-ASN - DigitalOcean, LLC, US
172.69	1	2026-06-21	2026-06-21	AS13335 CLOUDFLARENET - Cloudflare, Inc., US ; AS14789 CLOUDFLARENET - Cloudflare, Inc., US
172.70	1	2026-06-21	2026-06-21	AS132892 CLOUDFLARE - Cloudflare, Inc., US ; AS13335 CLOUDFLARENET - Cloudflare, Inc., US
192.252	1	2026-06-19	2026-06-19	AS13490 BUCKEYECABLEVISION - Buckeye Cablevision, Inc., US ; AS22652 FIBRENOIRE-INTERNET - Videotron Ltee, CA ; AS25813 EXELA-25813 - HOV Services, Inc., US
193.221	1	2026-06-19	2026-06-19	AS208393 DEDCLOUD - Dedcloud Network Ltd, GB ; AS25160 VORBOSS - Vorboss Limited, GB
212.58	1	2026-06-19	2026-06-19	AS12380 LENSVYAZ - PJSC Rostelecom, RU ; AS2818 BBC - BBC, GB ; AS48918 GLOBALWAYS - Globalways GmbH, DE ; AS8685 DorukNet - Doruk Iletisim ve Otomasyon Sanayi ve Ticaret A.S., TR ; AS8757 NSFOCUS - NSFOCUS, Inc., US
5.253	0			AS212954 LusoAloja - LUSOALOJA SERVICOS DE ALOJAMENTO WEB, LDA, PT ; AS29802 HVC-AS - HIVELOCITY, Inc., US ; AS42263 WIITCloudEdge - WIIT AG, DE ; AS43872 OPTINET - Optinet U.K. Limited, GB
36.134	0			AS38019 CMNET-V4TIANJIN-AS-AP - tianjin Mobile Communication Company Limited, CN ; AS56041 CMNET-Zhejiang-AP - China Mobile communications corporation, CN ; AS9808 CHINAMOBILE-CN - China Mobile Communications Group Co., Ltd., CN
36.138	0			AS132525 CMNET-HEILONGJIANG-CN - HeiLongJiang Mobile Communication Company Limited, CN ; AS9808 CHINAMOBILE-CN - China Mobile Communications Group Co., Ltd., CN
36.140	0			AS139080 CMNET-SCIDC-CN - The Internet Data Center of Sichuan Mobile Communication Company Limited, CN ; AS24444 CMNET-V4shandong-AS-AP - Shandong Mobile Communication Company Limited, CN ; AS24547 CMNET-V4HEBEI-AS-AP - Hebei Mobile Communication Company Limited, CN ; AS56041 CMNET-Zhejiang-AP - China Mobile communications corporation, CN ; AS9808 CHINAMOBILE-CN - China Mobile Communications Group Co., Ltd., CN
120.233	0			AS56040 CMNET-GuangDong-AP - China Mobile communications corporation, CN ; AS9808 CHINAMOBILE-CN - China Mobile Communications Group Co., Ltd., CN
135.136	0			AS4540 ASN01-SOGE - SOGETEL INC, CA ; AS9009 M247 - M247 Europe SRL, RO ; AS931 HYONIX - Hyonix, SG
147.90	0			AS210874 box-broadband - Box Broadband Limited, GB ; AS212477 ROYALE-AS - RoyaleHosting BV, NL ; AS7029 WINDSTREAM - Windstream Communications LLC, US
